Domain,Model,Explainer,Window,Freq.Inf,Freq.Cmplx,Time.Inf,Time.Cmplx,Freq.Loc,Time.Loc
Synt-0,Conv1D,SG,---,0.1308,[0.6513],[0.0901],0.7860,[4.8379],3.0551
,,IG,time,[0.1274],0.7663*,0.4536*,[0.7728],3.0735*,[3.0965]
,,IG,bal,0.2107*,0.7211*,0.3111*,0.8176*,3.9305*,3.0258
,,IG,freq,0.8818*,0.7165*,0.2837*,0.8985*,3.9165*,2.3051*
,,Sal,time,0.7302*,0.9103*,0.8608*,0.8728*,1.0816*,1.8927*
,,Sal,bal,0.8030*,0.8695*,0.8966*,0.8959*,1.0954*,1.8127*
,,Sal,freq,0.8248*,0.8609*,0.8638*,0.9453*,1.0724*,1.4912*
,,IxG,time,0.1610*,0.8733*,0.2856*,0.8466*,1.9710*,2.4468*
,,IxG,bal,0.8026*,0.8405*,0.8819*,0.8672*,3.0492*,2.7014
,,IxG,freq,0.8912*,0.8239*,0.5417*,0.9318*,3.0960*,2.0644*
Synt-1,Conv1D,SG,---,0.1252,[0.6611],[0.1961],0.7823,[4.8443],3.0425
,,IG,time,[0.1251],0.7677*,0.9177*,[0.7524†],3.6771*,[3.1979]
,,IG,bal,0.4481*,0.7312*,0.3521*,0.8022,3.9965*,2.9897
,,IG,freq,0.9068*,0.7295*,0.2886,0.8889*,3.9429*,2.2819*
,,Sal,time,0.7925*,0.8800*,0.8925*,0.8505*,1.2499*,1.7670*
,,Sal,bal,0.8464*,0.8488*,0.8912*,0.8841*,1.2233*,1.6804*
,,Sal,freq,0.8714*,0.8351*,0.6827*,0.9392*,1.2063*,1.3732*
,,IxG,time,0.2550*,0.8805*,0.9171*,0.8232*,2.9700*,2.6036
,,IxG,bal,0.9023*,0.8437*,0.9290*,0.8612*,3.2841*,2.4416*
,,IxG,freq,0.9078*,0.8225*,0.7263*,0.9356*,3.2790*,1.9172*
Synt-2,Conv1D,SG,---,0.1156,[0.6423],[0.0321],0.7878,[4.7695],[2.9440]
,,IG,time,[0.1034],0.7726*,0.3360*,[0.7659†],3.0783*,2.9100
,,IG,bal,0.1305*,0.7267*,0.2567*,0.8114*,3.5440*,2.8486
,,IG,freq,0.5764*,0.7240*,0.2642*,0.8936*,3.5043*,2.1934*
,,Sal,time,0.6741*,0.8619*,0.7576*,0.8779*,1.5128*,1.7102*
,,Sal,bal,0.8361*,0.8158*,0.7289*,0.8919*,1.5213*,1.6545*
,,Sal,freq,0.8322*,0.8229*,0.4066*,0.9469*,1.4876*,1.3806*
,,IxG,time,0.1306*,0.8649*,0.3172*,0.8603*,2.4836*,2.3559*
,,IxG,bal,0.4599*,0.8219*,0.5576*,0.8924*,2.9850*,2.3587*
,,IxG,freq,0.6746*,0.8061*,0.3572*,0.9463*,2.9738*,1.8551*
ECG,Conv1D,SG,---,0.0416,[0.2818],0.0605,[0.8769],---,---
,,IG,time,0.2054*,0.6410*,[0.0417],0.8952*,---,---
,,IG,bal,0.0755,0.4292*,0.1168,0.9170*,---,---
,,IG,freq,0.0405,0.3333*,0.1542*,0.9274*,---,---
,,Sal,time,0.3626*,0.9048*,0.0615,0.9362*,---,---
,,Sal,bal,0.2707*,0.8640*,0.0853,0.9514*,---,---
,,Sal,freq,0.2674*,0.8634*,0.1078,0.9604*,---,---
,,IxG,time,0.1399*,0.7325*,0.0444,0.9269*,---,---
,,IxG,bal,0.0449,0.6012*,0.0781,0.9454*,---,---
,,IxG,freq,[0.0333],0.5635*,0.1042,0.9578*,---,---
Speech,Conv1D,SG,---,[0.0498],[0.6798],[0.0711],[0.8666],---,---
,,IG,time,0.3198*,0.8001*,0.2654*,0.8748*,---,---
,,IG,bal,0.2994*,0.7515*,0.2727*,0.8798*,---,---
,,IG,freq,0.1407*,0.7118*,0.3884*,0.9055*,---,---
,,Sal,time,0.5704*,0.9184*,0.4125*,0.9459*,---,---
,,Sal,bal,0.5199*,0.9203*,0.4135*,0.9525*,---,---
,,Sal,freq,0.3924*,0.9236*,0.4668*,0.9651*,---,---
,,IxG,time,0.2206*,0.8628*,0.1930*,0.8943*,---,---
,,IxG,bal,0.1909*,0.8341*,0.1945*,0.8999*,---,---
,,IxG,freq,0.1150*,0.8098*,0.3211*,0.9268*,---,---
Sleep-MASS,Chambon2018,SG,---,0.0271,[0.5985],[0.0259],0.9373,---,---
,,IG,time,0.0374*,0.8013*,0.0464*,0.9325†,---,---
,,IG,bal,0.0321,0.7994*,0.1074*,0.9445*,---,---
,,IG,freq,[0.0249],0.7776*,0.2083*,0.9546*,---,---
,,Sal,time,0.2471*,0.8864*,0.3985*,0.9336,---,---
,,Sal,bal,0.7091*,0.8887*,0.5312*,0.9348,---,---
,,Sal,freq,0.7750*,0.8920*,0.5836*,0.9415*,---,---
,,IxG,time,0.0697*,0.8016*,0.0870*,[0.9133†],---,---
,,IxG,bal,0.0372*,0.7796*,0.1928*,0.9245†,---,---
,,IxG,freq,0.0315*,0.7678*,0.2820*,0.9391,---,---
Sleep-EDF,TsinalisCNN,SG,---,[0.0229],[0.6123],[0.0329],0.9243,---,---
,,IG,time,0.0678*,0.8620*,0.0855*,0.9260,---,---
,,IG,bal,0.0290*,0.8262*,0.3154*,0.9410*,---,---
,,IG,freq,0.0242,0.7942*,0.4618*,0.9507*,---,---
,,Sal,time,0.0897*,0.8543*,0.6668*,0.9486*,---,---
,,Sal,bal,0.7026*,0.8678*,0.7825*,0.9550*,---,---
,,Sal,freq,0.6040*,0.8570*,0.7079*,0.9631*,---,---
,,IxG,time,0.1178*,0.8610*,0.1663*,[0.9219],---,---
,,IxG,bal,0.0345*,0.8194*,0.4185*,0.9384*,---,---
,,IxG,freq,0.0278*,0.7861*,0.5105*,0.9495*,---,---
